{
  "stockManager": {
    "StockList": [
      {
        "stockCode": "AAPL",
        "price": 15.25,
        "volume": 900
      },
      {
        "stockCode": "AAPL",
        "price": 14.00,
        "volume": 170000
      },
      {
        "stockCode": "BAPL",
        "price": 13.25,
        "volume": 52000
      },
      {
        "stockCode": "CAPL",
        "price": 100.0,
        "volume": 10000
      },
      {
        "stockCode": "ABCD",
        "price": 30.00,
        "volume": 999
      },
      {
        "stockCode": "ABCD",
        "price": 21.00,
        "volume": 13467
      },
      {
        "stockCode": "WXYZ",
        "price": 69.00,
        "volume": 696969
      }
    ]
  },
  "bankManager": {
    "BankList": [
      {
        "name": "bank1",
        "stockManager": {
          "StockList": [
            {
              "stockCode": "WXYZ",
              "price": 69,
              "volume": 696969
            },
            {
              "stockCode": "AAPL",
              "price": 15.25,
              "volume": 300
            }
          ]
        }
      }
    ]
  },
  "logManager": {
    "LogList": [
      {
        "origin": "bank1",
        "dest": "EXCH",
        "type": "buy",
        "stockCode": "WXYZ",
        "volume": 696969,
        "price": 69,
        "timeStamp": "2021-07-01T21:55:56.8804667+07:00"
      },
      {
        "origin": "EXCH",
        "dest": "bank1",
        "type": "bought",
        "stockCode": "WXYZ",
        "volume": 696969,
        "price": 69,
        "timeStamp": "2021-07-01T21:55:56.8829518+07:00"
      },
      {
        "origin": "EXCH",
        "dest": "bank1",
        "type": "quote",
        "stockCode": "WXYZ",
        "volume": 696969,
        "price": 69.0,
        "timeStamp": "2021-07-01T21:56:03.289572+07:00"
      },
      {
        "origin": "bank1",
        "dest": "EXCH",
        "type": "buy",
        "stockCode": "AAPL",
        "volume": 300,
        "price": 15.25,
        "timeStamp": "2021-07-02T10:35:16.4841757+07:00"
      },
      {
        "origin": "EXCH",
        "dest": "bank1",
        "type": "bought",
        "stockCode": "AAPL",
        "volume": 300,
        "price": 15.25,
        "timeStamp": "2021-07-02T10:35:16.4853684+07:00"
      },
      {
        "origin": "bank1",
        "dest": "EXCH",
        "type": "buy",
        "stockCode": "AAPL",
        "volume": 1000,
        "price": 16,
        "timeStamp": "2021-07-02T10:35:44.043998+07:00"
      },
      {
        "origin": "EXCH",
        "dest": "bank1",
        "type": "quote",
        "stockCode": "AAPL",
        "volume": 170000,
        "price": 14.00,
        "timeStamp": "2021-07-02T10:35:44.0446001+07:00"
      },
      {
        "origin": "bank1",
        "dest": "EXCH",
        "type": "buy",
        "stockCode": "AAPL",
        "volume": 0,
        "price": 14,
        "timeStamp": "2021-07-02T10:36:04.8818617+07:00"
      },
      {
        "origin": "EXCH",
        "dest": "bank1",
        "type": "quote",
        "stockCode": "AAPL",
        "volume": 170000,
        "price": 14.00,
        "timeStamp": "2021-07-02T10:36:04.8822879+07:00"
      },
      {
        "origin": "EXCH",
        "dest": "bank1",
        "type": "quote",
        "stockCode": "AAPL",
        "volume": 170000,
        "price": 14.00,
        "timeStamp": "2021-07-02T10:36:21.3346352+07:00"
      }
    ]
  }
}